Category,Revenue_B_ETB
Rebar 16mm Imported (Turkey),2.046090859
Rebar 6mm G60,1.88141391
Rebar 8mm G75,1.565274745
Rebar 12mm G75,1.560400939
Rebar 10mm G75,1.537326094
Rebar 14mm G75,1.48650109
