Region,Revenue_B_ETB
Addis Ababa,5.265786548
Oromia,3.937721198
Amhara,1.975960093
Sidama,0.956948901
South Ethiopia,0.744443808
